{
  "accuracy": 0.5513,
  "precision": 0.5475969567637781,
  "recall": 0.5902,
  "f1_score": 0.5681008759264606
}